treatment,blood.lead
new drug,17.3
new drug,17.9
new drug,38.2
new drug,34.2
new drug,20.4
new drug,0.4
new drug,11.6
new drug,8.6
new drug,22.7
new drug,34.7
new drug,23.1
new drug,77
new drug,27.6
new drug,11.2
new drug,15.7
new drug,28.2
new drug,29.8
new drug,9.8
new drug,22
new drug,7.5
new drug,17
new drug,42.9
new drug,23
new drug,18.1
new drug,32.1
new drug,21.2
new drug,41.4
new drug,17.1
new drug,22
new drug,14.5
new drug,18.7
new drug,32.7
new drug,29.6
new drug,24.7
new drug,64
new drug,28.8
new drug,30.7
new drug,18
new drug,16.8
new drug,26.8
new drug,27.2
new drug,36.6
new drug,17.8
new drug,24.2
new drug,14
new drug,16.1
new drug,25.1
new drug,15.4
new drug,20.9
new drug,30.1
new drug,14.4
new drug,12.6
new drug,34.1
new drug,31.8
new drug,22.7
new drug,23.9
new drug,30.8
new drug,26.6
new drug,28.6
new drug,20.3
traditional therapy,45.8
traditional therapy,53.8
traditional therapy,41.3
traditional therapy,30.2
traditional therapy,51.7
traditional therapy,35.8
traditional therapy,28.6
traditional therapy,44.7
traditional therapy,38.1
traditional therapy,36.4
traditional therapy,35.2
traditional therapy,43.7
traditional therapy,44.4
traditional therapy,30.6
traditional therapy,39.9
traditional therapy,44
traditional therapy,41.6
traditional therapy,43.8
traditional therapy,28.3
traditional therapy,37
traditional therapy,38.2
traditional therapy,36.9
traditional therapy,39.1
traditional therapy,35.2
traditional therapy,42.8
traditional therapy,41
traditional therapy,36.7
traditional therapy,41.4
traditional therapy,36.1
traditional therapy,46
traditional therapy,44.9
traditional therapy,42.8
traditional therapy,48.5
traditional therapy,31.7
traditional therapy,48.2
traditional therapy,36.3
traditional therapy,31.4
traditional therapy,41.7
traditional therapy,43.9
traditional therapy,34.8
traditional therapy,44.2
traditional therapy,51.1
traditional therapy,47.4
traditional therapy,44.2
traditional therapy,51.3
traditional therapy,41.6
traditional therapy,28.5
traditional therapy,40.9
traditional therapy,38.7
traditional therapy,51
traditional therapy,44.7
traditional therapy,45.4
traditional therapy,38.9
traditional therapy,34.1
traditional therapy,44.8
traditional therapy,40.4
traditional therapy,43.9
traditional therapy,35.8
traditional therapy,40.6
traditional therapy,41.1
