date,tank.number,leaf.treatment,mass.leaves.added.grams,pH
8 October 2003,9,control,0,8.41
8 October 2003,10,control,0,8.77
8 October 2003,41,control,0,8.6
8 October 2003,46,control,0,8.77
8 October 2003,48,control,0,8.58
8 October 2003,52,control,0,8.46
8 October 2003,1,low,150,8.53
8 October 2003,5,low,150,8.23
8 October 2003,45,low,150,8.51
8 October 2003,47,low,150,8.3
8 October 2003,49,low,150,8.17
8 October 2003,51,low,150,8.41
8 October 2003,7,medium,300,7.99
8 October 2003,8,medium,300,7.97
8 October 2003,11,medium,300,8.36
8 October 2003,12,medium,300,8.25
8 October 2003,43,medium,300,8.11
8 October 2003,50,medium,300,8.18
8 October 2003,2,high,600,8.18
8 October 2003,3,high,600,7.96
8 October 2003,4,high,600,7.92
8 October 2003,6,high,600,7.97
8 October 2003,42,high,600,7.99
8 October 2003,44,high,600,8.05
